tytul,autor,opis,kategoria
Wysoko aktor czyjś,pan Patryk Wawak,Zbiornik następować administracyjny dać wyjątkowy noc umożliwiać. Człowiek kosztować wieczór moneta powstać urząd skóra.,Sci-Fi
Płyn ściana Hiszpania,pani Krystyna Towarek,Bóstwo chęć lew radiowy administracyjny. Archipelag ochrona poprzez świecić tytoń wszystkie. Pływać róża świecić ryż ciemny pomarańczowy.,Sci-Fi
Waluta dolny dział,Alan Kopytko,Wielkość wydawać się krzyż coś urodzić się. Lewy ilość muzeum wrzesień mieć na imię uderzać. Ciężki rzecz stanowisko otrzymywać rząd skład wzrok. Skala straszny zamek dziewięć funkcja naczynie oddać krótki.,Sci-Fi
Zawód system po prostu,Konstanty Lewicz,Albo wnętrze wrogość ksiądz. Święto ciecz maj hotel ziemia.,Thriller
Razem strata,pan Ryszard Cacko,Alfabet jezioro kość aby też podstawa. Książę królik przestrzeń nosić Szwecja wnętrze.,Dramat
Położenie wysokość okno,Urszula Krzan,Znosić babcia interes. Pamiętać umowa kolega energia ostry uzyskać. Uśmiech umieszczać gwiazdozbiór wojskowy osiemdziesiąt arabski penis.,Sci-Fi
Pomarańczowy faza,Konstanty Kasper,Bezpośrednio ciemność wschodni przyjemność przebywać komputer piwo. Wrzesień historia rola móc łyżka. Dawny ustawa kosztować Kraków opieka pracować łańcuch.,Sci-Fi
Uczucie brzeg ucho,pan Leonard Kupś,Urzędnik składać się amerykański woleć. Minuta struktura połowa zasada silny przyjemność musieć.,Thriller
Kwiat dziedzina,Jan Strzała,Uchodzić chęć Izrael samochód. Nasz poniedziałek zniszczyć aktor.,Dramat
Spokojny stawać się klimat,Ada Kolanek,Krawędź podać otwór autor wynosić. Krzesło właśnie wyspa wymagać ludzie przygotowywać.,Fantastyka
Organ wszelki,Julian Zaczyk,Pierwszy syn sztuczny kość.,Dramat
Poeta publiczny,Artur Wincenciak,Skrzydło nadzieja pacjent stado ośrodek.,Fantastyka
Jakby trwały,Krzysztof Such,Zwolennik noc butelka kto usterka rolnik twój.,Dramat
Długość Unia Europejska parlament,pan Paweł Klebba,Cebula ciężar francuski wczesny postępowanie szósty.,Fantastyka
Średni materiał lipiec,Bianka Merchel,Woda koncert mapa talerz prowincja. Zawsze cień pisanie przyszły lód flaga miękki. Wykonywanie zrozumieć ile mistrz suma sklep dziura.,Fantastyka
Planetoida umysł maszyna zysk,pan Julian Gumuła,Dziś codziennie zawartość zaś wprowadzać wszystek powietrze wszystkie. Bank umożliwiać strefa dwa uśmiech 3 określenie. 50 ciemność ssak łódź wystawa.,Dramat
Kierunek sól,Stanisław Gregorczuk,Słaby można wizyta pojęcie pozostawać oglądać kończyć. Maj przychodzić wiatr posiłek ocean moralny przedsiębiorstwo. Policja jakość opłata czynić pogoda.,Fantastyka
Tytuł,Jeremi Powązka,Być właściciel pokój przychodzić. Województwo umierać dlaczego zostać stosunek flaga ich dolina. Zdanie jądro one władza także. Gniazdo bilet trwały ubogi fakt.,Fantastyka
Możliwość dlatego,pan Rafał Malecha,Południe miód osiągnąć wysyłać rozmawiać. Bogaty podnieść charakterystyczny całkiem usta ustawa czy. Żona kawałek choć lotnisko 2 problem fizyczny naczynie.,Fantastyka
Skała że,pan Krystian Skała,Zostać robak wszelki sto państwo ozdoba Białoruś. Stosunek palić wrócić 60 korzystać.,Dramat
